{"spot_diameter_fullres": 226.19135429347816, "tissue_hires_scalef": 0.07198647, "fiducial_diameter_fullres": 365.38603385869544, "tissue_lowres_scalef": 0.02159594}