{"spot_diameter_fullres": 225.61455935318284, "tissue_hires_scalef": 0.072574206, "fiducial_diameter_fullres": 364.45428818591074, "tissue_lowres_scalef": 0.021772262}